id_animal,peso_desmama,predicao_lucro,recomendacao
295,125.92847057597103,-133.14306012484974,Venda Imediata / Descarte Precoce
681,118.36930447224776,-58.59526154888805,Venda Imediata / Descarte Precoce
778,129.68404765993995,-9.672448664613968,Venda Imediata / Descarte Precoce
954,110.94982201878176,-172.87418713411807,Venda Imediata / Descarte Precoce
961,122.52667486520292,-107.91336925208408,Venda Imediata / Descarte Precoce
