{
    "R2": 0.6373480876938101,
    "R2_Adjusted": 0.6358901905589108,
    "F_statistic": 437.1694493643768,
    "F_pvalue": 2.2325351101501656e-217,
    "Jarque_Bera_pvalue": 0.25965828659974993,
    "Durbin_Watson": 2.0538353298025815,
    "VIF": {
        "const": 147.64381675934925,
        "peso_nascer": 1.2412674701453061,
        "gpd_pre_desmama": 12.650665976455073,
        "peso_desmama": 13.404052055382202,
        "sexo_M": 1.0107740280155948
    },
    "Num_Outliers_Influentes": 60
}